Category,Keyword Formula,Generated Keyword,Core Concept / Destination,Search Intent Type
High-End Romance,[Destination] luxury guide for couples [Year],Crete luxury guide for couples 2026,Crete,Commercial / Transactional (Premium planning)
High-End Romance,[Destination] luxury guide for couples [Year],Crete luxury guide for couples 2027,Crete,Commercial / Transactional (Premium planning)
High-End Romance,[Destination] luxury guide for couples [Year],Maldives luxury guide for couples 2026,Maldives,Commercial / Transactional (Premium planning)
High-End Romance,[Destination] luxury guide for couples [Year],Maldives luxury guide for couples 2027,Maldives,Commercial / Transactional (Premium planning)
High-End Romance,[Destination] luxury guide for couples [Year],Santorini luxury guide for couples 2026,Santorini,Commercial / Transactional (Premium planning)
High-End Romance,[Destination] luxury guide for couples [Year],Santorini luxury guide for couples 2027,Santorini,Commercial / Transactional (Premium planning)
High-End Romance,[Destination] luxury guide for couples [Year],Amalfi Coast luxury guide for couples 2026,Amalfi Coast,Commercial / Transactional (Premium planning)
High-End Romance,[Destination] luxury guide for couples [Year],Amalfi Coast luxury guide for couples 2027,Amalfi Coast,Commercial / Transactional (Premium planning)
High-End Romance,[Destination] luxury guide for couples [Year],Kyoto luxury guide for couples 2026,Kyoto,Commercial / Transactional (Premium planning)
High-End Romance,[Destination] luxury guide for couples [Year],Kyoto luxury guide for couples 2027,Kyoto,Commercial / Transactional (Premium planning)
High-End Romance,[Destination] luxury guide for couples [Year],Maui luxury guide for couples 2026,Maui,Commercial / Transactional (Premium planning)
High-End Romance,[Destination] luxury guide for couples [Year],Maui luxury guide for couples 2027,Maui,Commercial / Transactional (Premium planning)
High-End Romance,[Destination] luxury guide for couples [Year],Bali luxury guide for couples 2026,Bali,Commercial / Transactional (Premium planning)
High-End Romance,[Destination] luxury guide for couples [Year],Bali luxury guide for couples 2027,Bali,Commercial / Transactional (Premium planning)
High-End Romance,[Destination] luxury guide for couples [Year],Tuscany luxury guide for couples 2026,Tuscany,Commercial / Transactional (Premium planning)
High-End Romance,[Destination] luxury guide for couples [Year],Tuscany luxury guide for couples 2027,Tuscany,Commercial / Transactional (Premium planning)
High-End Romance,[Destination] luxury guide for couples [Year],Swiss Alps luxury guide for couples 2026,Swiss Alps,Commercial / Transactional (Premium planning)
High-End Romance,[Destination] luxury guide for couples [Year],Swiss Alps luxury guide for couples 2027,Swiss Alps,Commercial / Transactional (Premium planning)
High-End Romance,[Destination] luxury guide for couples [Year],Reykjavik luxury guide for couples 2026,Reykjavik,Commercial / Transactional (Premium planning)
High-End Romance,[Destination] luxury guide for couples [Year],Reykjavik luxury guide for couples 2027,Reykjavik,Commercial / Transactional (Premium planning)
High-End Romance,[Destination] luxury guide for couples [Year],Bora Bora luxury guide for couples 2026,Bora Bora,Commercial / Transactional (Premium planning)
High-End Romance,[Destination] luxury guide for couples [Year],Bora Bora luxury guide for couples 2027,Bora Bora,Commercial / Transactional (Premium planning)
High-End Romance,[Destination] luxury guide for couples [Year],Dubrovnik luxury guide for couples 2026,Dubrovnik,Commercial / Transactional (Premium planning)
High-End Romance,[Destination] luxury guide for couples [Year],Dubrovnik luxury guide for couples 2027,Dubrovnik,Commercial / Transactional (Premium planning)
High-End Romance,[Destination] luxury guide for couples [Year],Queenstown luxury guide for couples 2026,Queenstown,Commercial / Transactional (Premium planning)
High-End Romance,[Destination] luxury guide for couples [Year],Queenstown luxury guide for couples 2027,Queenstown,Commercial / Transactional (Premium planning)
High-End Romance,[Destination] luxury guide for couples [Year],Saint Lucia luxury guide for couples 2026,Saint Lucia,Commercial / Transactional (Premium planning)
High-End Romance,[Destination] luxury guide for couples [Year],Saint Lucia luxury guide for couples 2027,Saint Lucia,Commercial / Transactional (Premium planning)
High-End Romance,[Destination] luxury guide for couples [Year],Cape Town luxury guide for couples 2026,Cape Town,Commercial / Transactional (Premium planning)
High-End Romance,[Destination] luxury guide for couples [Year],Cape Town luxury guide for couples 2027,Cape Town,Commercial / Transactional (Premium planning)
High-End Romance,[Destination] luxury guide for couples [Year],Mallorca luxury guide for couples 2026,Mallorca,Commercial / Transactional (Premium planning)
High-End Romance,[Destination] luxury guide for couples [Year],Mallorca luxury guide for couples 2027,Mallorca,Commercial / Transactional (Premium planning)
High-End Romance,[Destination] luxury guide for couples [Year],Saint-Tropez luxury guide for couples 2026,Saint-Tropez,Commercial / Transactional (Premium planning)
High-End Romance,[Destination] luxury guide for couples [Year],Saint-Tropez luxury guide for couples 2027,Saint-Tropez,Commercial / Transactional (Premium planning)
High-End Romance,[Destination] luxury guide for couples [Year],Seychelles luxury guide for couples 2026,Seychelles,Commercial / Transactional (Premium planning)
High-End Romance,[Destination] luxury guide for couples [Year],Seychelles luxury guide for couples 2027,Seychelles,Commercial / Transactional (Premium planning)
High-End Romance,[Destination] luxury guide for couples [Year],Tulum luxury guide for couples 2026,Tulum,Commercial / Transactional (Premium planning)
High-End Romance,[Destination] luxury guide for couples [Year],Tulum luxury guide for couples 2027,Tulum,Commercial / Transactional (Premium planning)
High-End Romance,[Destination] luxury guide for couples [Year],Venice luxury guide for couples 2026,Venice,Commercial / Transactional (Premium planning)
High-End Romance,[Destination] luxury guide for couples [Year],Venice luxury guide for couples 2027,Venice,Commercial / Transactional (Premium planning)
High-End Romance,[Destination] luxury guide for couples [Year],Florence luxury guide for couples 2026,Florence,Commercial / Transactional (Premium planning)
High-End Romance,[Destination] luxury guide for couples [Year],Florence luxury guide for couples 2027,Florence,Commercial / Transactional (Premium planning)
High-End Romance,[Destination] luxury guide for couples [Year],Lake Como luxury guide for couples 2026,Lake Como,Commercial / Transactional (Premium planning)
High-End Romance,[Destination] luxury guide for couples [Year],Lake Como luxury guide for couples 2027,Lake Como,Commercial / Transactional (Premium planning)
High-End Romance,[Destination] luxury guide for couples [Year],Lisbon luxury guide for couples 2026,Lisbon,Commercial / Transactional (Premium planning)
High-End Romance,[Destination] luxury guide for couples [Year],Lisbon luxury guide for couples 2027,Lisbon,Commercial / Transactional (Premium planning)
High-End Romance,[Destination] luxury guide for couples [Year],Barcelona luxury guide for couples 2026,Barcelona,Commercial / Transactional (Premium planning)
High-End Romance,[Destination] luxury guide for couples [Year],Barcelona luxury guide for couples 2027,Barcelona,Commercial / Transactional (Premium planning)
High-End Romance,[Destination] luxury guide for couples [Year],Vienna luxury guide for couples 2026,Vienna,Commercial / Transactional (Premium planning)
High-End Romance,[Destination] luxury guide for couples [Year],Vienna luxury guide for couples 2027,Vienna,Commercial / Transactional (Premium planning)
High-End Romance,[Destination] luxury guide for couples [Year],Salzburg luxury guide for couples 2026,Salzburg,Commercial / Transactional (Premium planning)
High-End Romance,[Destination] luxury guide for couples [Year],Salzburg luxury guide for couples 2027,Salzburg,Commercial / Transactional (Premium planning)
High-End Romance,[Destination] luxury guide for couples [Year],Banff luxury guide for couples 2026,Banff,Commercial / Transactional (Premium planning)
High-End Romance,[Destination] luxury guide for couples [Year],Banff luxury guide for couples 2027,Banff,Commercial / Transactional (Premium planning)
High-End Romance,[Destination] luxury guide for couples [Year],Aspen luxury guide for couples 2026,Aspen,Commercial / Transactional (Premium planning)
High-End Romance,[Destination] luxury guide for couples [Year],Aspen luxury guide for couples 2027,Aspen,Commercial / Transactional (Premium planning)
High-End Romance,[Destination] luxury guide for couples [Year],Whistler luxury guide for couples 2026,Whistler,Commercial / Transactional (Premium planning)
High-End Romance,[Destination] luxury guide for couples [Year],Whistler luxury guide for couples 2027,Whistler,Commercial / Transactional (Premium planning)
High-End Romance,[Destination] luxury guide for couples [Year],Sedona luxury guide for couples 2026,Sedona,Commercial / Transactional (Premium planning)
High-End Romance,[Destination] luxury guide for couples [Year],Sedona luxury guide for couples 2027,Sedona,Commercial / Transactional (Premium planning)
High-End Romance,[Destination] luxury guide for couples [Year],Napa Valley luxury guide for couples 2026,Napa Valley,Commercial / Transactional (Premium planning)
High-End Romance,[Destination] luxury guide for couples [Year],Napa Valley luxury guide for couples 2027,Napa Valley,Commercial / Transactional (Premium planning)
High-End Romance,[Destination] luxury guide for couples [Year],Kauai luxury guide for couples 2026,Kauai,Commercial / Transactional (Premium planning)
High-End Romance,[Destination] luxury guide for couples [Year],Kauai luxury guide for couples 2027,Kauai,Commercial / Transactional (Premium planning)
High-End Romance,[Destination] luxury guide for couples [Year],Oahu luxury guide for couples 2026,Oahu,Commercial / Transactional (Premium planning)
High-End Romance,[Destination] luxury guide for couples [Year],Oahu luxury guide for couples 2027,Oahu,Commercial / Transactional (Premium planning)
High-End Romance,[Destination] luxury guide for couples [Year],Tahiti luxury guide for couples 2026,Tahiti,Commercial / Transactional (Premium planning)
High-End Romance,[Destination] luxury guide for couples [Year],Tahiti luxury guide for couples 2027,Tahiti,Commercial / Transactional (Premium planning)
High-End Romance,[Destination] luxury guide for couples [Year],Fiji luxury guide for couples 2026,Fiji,Commercial / Transactional (Premium planning)
High-End Romance,[Destination] luxury guide for couples [Year],Fiji luxury guide for couples 2027,Fiji,Commercial / Transactional (Premium planning)
High-End Romance,[Destination] luxury guide for couples [Year],Phuket luxury guide for couples 2026,Phuket,Commercial / Transactional (Premium planning)
High-End Romance,[Destination] luxury guide for couples [Year],Phuket luxury guide for couples 2027,Phuket,Commercial / Transactional (Premium planning)
High-End Romance,[Destination] luxury guide for couples [Year],Krabi luxury guide for couples 2026,Krabi,Commercial / Transactional (Premium planning)
High-End Romance,[Destination] luxury guide for couples [Year],Krabi luxury guide for couples 2027,Krabi,Commercial / Transactional (Premium planning)
High-End Romance,[Destination] luxury guide for couples [Year],Koh Samui luxury guide for couples 2026,Koh Samui,Commercial / Transactional (Premium planning)
High-End Romance,[Destination] luxury guide for couples [Year],Koh Samui luxury guide for couples 2027,Koh Samui,Commercial / Transactional (Premium planning)
High-End Romance,[Destination] luxury guide for couples [Year],Siem Reap luxury guide for couples 2026,Siem Reap,Commercial / Transactional (Premium planning)
High-End Romance,[Destination] luxury guide for couples [Year],Siem Reap luxury guide for couples 2027,Siem Reap,Commercial / Transactional (Premium planning)
High-End Romance,[Destination] luxury guide for couples [Year],Chiang Mai luxury guide for couples 2026,Chiang Mai,Commercial / Transactional (Premium planning)
High-End Romance,[Destination] luxury guide for couples [Year],Chiang Mai luxury guide for couples 2027,Chiang Mai,Commercial / Transactional (Premium planning)
High-End Romance,[Destination] luxury guide for couples [Year],Cappadocia luxury guide for couples 2026,Cappadocia,Commercial / Transactional (Premium planning)
High-End Romance,[Destination] luxury guide for couples [Year],Cappadocia luxury guide for couples 2027,Cappadocia,Commercial / Transactional (Premium planning)
High-End Romance,[Destination] luxury guide for couples [Year],Marrakech luxury guide for couples 2026,Marrakech,Commercial / Transactional (Premium planning)
High-End Romance,[Destination] luxury guide for couples [Year],Marrakech luxury guide for couples 2027,Marrakech,Commercial / Transactional (Premium planning)
Compromise Trips,couples trips for [Activity 1] and [Activity 2] lovers,couples trips for beach and adventure lovers,beach + adventure,Informational (Inspirational routing)
Compromise Trips,couples trips for [Activity 1] and [Activity 2] lovers,couples trips for beach and history lovers,beach + history,Informational (Inspirational routing)
Compromise Trips,couples trips for [Activity 1] and [Activity 2] lovers,couples trips for beach and foodie lovers,beach + foodie,Informational (Inspirational routing)
Compromise Trips,couples trips for [Activity 1] and [Activity 2] lovers,couples trips for beach and hiking lovers,beach + hiking,Informational (Inspirational routing)
Compromise Trips,couples trips for [Activity 1] and [Activity 2] lovers,couples trips for beach and relaxation lovers,beach + relaxation,Informational (Inspirational routing)
Compromise Trips,couples trips for [Activity 1] and [Activity 2] lovers,couples trips for beach and shopping lovers,beach + shopping,Informational (Inspirational routing)
Compromise Trips,couples trips for [Activity 1] and [Activity 2] lovers,couples trips for beach and culture lovers,beach + culture,Informational (Inspirational routing)
Compromise Trips,couples trips for [Activity 1] and [Activity 2] lovers,couples trips for beach and nightlife lovers,beach + nightlife,Informational (Inspirational routing)
Compromise Trips,couples trips for [Activity 1] and [Activity 2] lovers,couples trips for beach and diving lovers,beach + diving,Informational (Inspirational routing)
Compromise Trips,couples trips for [Activity 1] and [Activity 2] lovers,couples trips for adventure and history lovers,adventure + history,Informational (Inspirational routing)
Compromise Trips,couples trips for [Activity 1] and [Activity 2] lovers,couples trips for adventure and foodie lovers,adventure + foodie,Informational (Inspirational routing)
Compromise Trips,couples trips for [Activity 1] and [Activity 2] lovers,couples trips for adventure and hiking lovers,adventure + hiking,Informational (Inspirational routing)
Compromise Trips,couples trips for [Activity 1] and [Activity 2] lovers,couples trips for adventure and relaxation lovers,adventure + relaxation,Informational (Inspirational routing)
Compromise Trips,couples trips for [Activity 1] and [Activity 2] lovers,couples trips for adventure and shopping lovers,adventure + shopping,Informational (Inspirational routing)
Compromise Trips,couples trips for [Activity 1] and [Activity 2] lovers,couples trips for adventure and culture lovers,adventure + culture,Informational (Inspirational routing)
Compromise Trips,couples trips for [Activity 1] and [Activity 2] lovers,couples trips for adventure and nightlife lovers,adventure + nightlife,Informational (Inspirational routing)
Compromise Trips,couples trips for [Activity 1] and [Activity 2] lovers,couples trips for adventure and diving lovers,adventure + diving,Informational (Inspirational routing)
Compromise Trips,couples trips for [Activity 1] and [Activity 2] lovers,couples trips for history and foodie lovers,history + foodie,Informational (Inspirational routing)
Compromise Trips,couples trips for [Activity 1] and [Activity 2] lovers,couples trips for history and hiking lovers,history + hiking,Informational (Inspirational routing)
Compromise Trips,couples trips for [Activity 1] and [Activity 2] lovers,couples trips for history and relaxation lovers,history + relaxation,Informational (Inspirational routing)
Compromise Trips,couples trips for [Activity 1] and [Activity 2] lovers,couples trips for history and shopping lovers,history + shopping,Informational (Inspirational routing)
Compromise Trips,couples trips for [Activity 1] and [Activity 2] lovers,couples trips for history and culture lovers,history + culture,Informational (Inspirational routing)
Compromise Trips,couples trips for [Activity 1] and [Activity 2] lovers,couples trips for history and nightlife lovers,history + nightlife,Informational (Inspirational routing)
Compromise Trips,couples trips for [Activity 1] and [Activity 2] lovers,couples trips for history and diving lovers,history + diving,Informational (Inspirational routing)
Compromise Trips,couples trips for [Activity 1] and [Activity 2] lovers,couples trips for foodie and hiking lovers,foodie + hiking,Informational (Inspirational routing)
Compromise Trips,couples trips for [Activity 1] and [Activity 2] lovers,couples trips for foodie and relaxation lovers,foodie + relaxation,Informational (Inspirational routing)
Compromise Trips,couples trips for [Activity 1] and [Activity 2] lovers,couples trips for foodie and shopping lovers,foodie + shopping,Informational (Inspirational routing)
Compromise Trips,couples trips for [Activity 1] and [Activity 2] lovers,couples trips for foodie and culture lovers,foodie + culture,Informational (Inspirational routing)
Compromise Trips,couples trips for [Activity 1] and [Activity 2] lovers,couples trips for foodie and nightlife lovers,foodie + nightlife,Informational (Inspirational routing)
Compromise Trips,couples trips for [Activity 1] and [Activity 2] lovers,couples trips for foodie and diving lovers,foodie + diving,Informational (Inspirational routing)
Compromise Trips,couples trips for [Activity 1] and [Activity 2] lovers,couples trips for hiking and relaxation lovers,hiking + relaxation,Informational (Inspirational routing)
Compromise Trips,couples trips for [Activity 1] and [Activity 2] lovers,couples trips for hiking and shopping lovers,hiking + shopping,Informational (Inspirational routing)
Compromise Trips,couples trips for [Activity 1] and [Activity 2] lovers,couples trips for hiking and culture lovers,hiking + culture,Informational (Inspirational routing)
Compromise Trips,couples trips for [Activity 1] and [Activity 2] lovers,couples trips for hiking and nightlife lovers,hiking + nightlife,Informational (Inspirational routing)
Compromise Trips,couples trips for [Activity 1] and [Activity 2] lovers,couples trips for hiking and diving lovers,hiking + diving,Informational (Inspirational routing)
Compromise Trips,couples trips for [Activity 1] and [Activity 2] lovers,couples trips for relaxation and shopping lovers,relaxation + shopping,Informational (Inspirational routing)
Compromise Trips,couples trips for [Activity 1] and [Activity 2] lovers,couples trips for relaxation and culture lovers,relaxation + culture,Informational (Inspirational routing)
Compromise Trips,couples trips for [Activity 1] and [Activity 2] lovers,couples trips for relaxation and nightlife lovers,relaxation + nightlife,Informational (Inspirational routing)
Compromise Trips,couples trips for [Activity 1] and [Activity 2] lovers,couples trips for relaxation and diving lovers,relaxation + diving,Informational (Inspirational routing)
Compromise Trips,couples trips for [Activity 1] and [Activity 2] lovers,couples trips for shopping and culture lovers,shopping + culture,Informational (Inspirational routing)
Compromise Trips,couples trips for [Activity 1] and [Activity 2] lovers,couples trips for shopping and nightlife lovers,shopping + nightlife,Informational (Inspirational routing)
Compromise Trips,couples trips for [Activity 1] and [Activity 2] lovers,couples trips for shopping and diving lovers,shopping + diving,Informational (Inspirational routing)
Compromise Trips,couples trips for [Activity 1] and [Activity 2] lovers,couples trips for culture and nightlife lovers,culture + nightlife,Informational (Inspirational routing)
Compromise Trips,couples trips for [Activity 1] and [Activity 2] lovers,couples trips for culture and diving lovers,culture + diving,Informational (Inspirational routing)
Compromise Trips,couples trips for [Activity 1] and [Activity 2] lovers,couples trips for nightlife and diving lovers,nightlife + diving,Informational (Inspirational routing)
Alternative Gems,alternatives to [Popular Spot] for couples,alternatives to Amalfi Coast for couples,Amalfi Coast,Informational / Commercial (Under-the-radar alternatives)
Alternative Gems,alternatives to [Popular Spot] for couples,alternatives to Santorini for couples,Santorini,Informational / Commercial (Under-the-radar alternatives)
Alternative Gems,alternatives to [Popular Spot] for couples,alternatives to Paris for couples,Paris,Informational / Commercial (Under-the-radar alternatives)
Alternative Gems,alternatives to [Popular Spot] for couples,alternatives to Maldives for couples,Maldives,Informational / Commercial (Under-the-radar alternatives)
Alternative Gems,alternatives to [Popular Spot] for couples,alternatives to Bali for couples,Bali,Informational / Commercial (Under-the-radar alternatives)
Alternative Gems,alternatives to [Popular Spot] for couples,alternatives to Kyoto for couples,Kyoto,Informational / Commercial (Under-the-radar alternatives)
Alternative Gems,alternatives to [Popular Spot] for couples,alternatives to Rome for couples,Rome,Informational / Commercial (Under-the-radar alternatives)
Alternative Gems,alternatives to [Popular Spot] for couples,alternatives to Barcelona for couples,Barcelona,Informational / Commercial (Under-the-radar alternatives)
Alternative Gems,alternatives to [Popular Spot] for couples,alternatives to Venice for couples,Venice,Informational / Commercial (Under-the-radar alternatives)
Alternative Gems,alternatives to [Popular Spot] for couples,alternatives to Maui for couples,Maui,Informational / Commercial (Under-the-radar alternatives)
Alternative Gems,alternatives to [Popular Spot] for couples,alternatives to Bora Bora for couples,Bora Bora,Informational / Commercial (Under-the-radar alternatives)
Alternative Gems,alternatives to [Popular Spot] for couples,alternatives to Tuscany for couples,Tuscany,Informational / Commercial (Under-the-radar alternatives)
Alternative Gems,alternatives to [Popular Spot] for couples,alternatives to London for couples,London,Informational / Commercial (Under-the-radar alternatives)
Alternative Gems,alternatives to [Popular Spot] for couples,alternatives to New York City for couples,New York City,Informational / Commercial (Under-the-radar alternatives)
Alternative Gems,alternatives to [Popular Spot] for couples,alternatives to Phuket for couples,Phuket,Informational / Commercial (Under-the-radar alternatives)
Alternative Gems,alternatives to [Popular Spot] for couples,alternatives to Dubrovnik for couples,Dubrovnik,Informational / Commercial (Under-the-radar alternatives)
Alternative Gems,alternatives to [Popular Spot] for couples,alternatives to Seychelles for couples,Seychelles,Informational / Commercial (Under-the-radar alternatives)
Alternative Gems,alternatives to [Popular Spot] for couples,alternatives to Lake Como for couples,Lake Como,Informational / Commercial (Under-the-radar alternatives)
Alternative Gems,alternatives to [Popular Spot] for couples,alternatives to Ibiza for couples,Ibiza,Informational / Commercial (Under-the-radar alternatives)
Alternative Gems,alternatives to [Popular Spot] for couples,alternatives to Mykonos for couples,Mykonos,Informational / Commercial (Under-the-radar alternatives)
Budget-Luxury,affordable luxury destinations for couples in [Country/Region] [Year],affordable luxury destinations for couples in Bali 2026,Bali,Commercial (Value luxury travel)
Budget-Luxury,affordable luxury destinations for couples in [Country/Region] [Year],affordable luxury destinations for couples in Bali 2027,Bali,Commercial (Value luxury travel)
Budget-Luxury,affordable luxury destinations for couples in [Country/Region] [Year],affordable luxury destinations for couples in Thailand 2026,Thailand,Commercial (Value luxury travel)
Budget-Luxury,affordable luxury destinations for couples in [Country/Region] [Year],affordable luxury destinations for couples in Thailand 2027,Thailand,Commercial (Value luxury travel)
Budget-Luxury,affordable luxury destinations for couples in [Country/Region] [Year],affordable luxury destinations for couples in Vietnam 2026,Vietnam,Commercial (Value luxury travel)
Budget-Luxury,affordable luxury destinations for couples in [Country/Region] [Year],affordable luxury destinations for couples in Vietnam 2027,Vietnam,Commercial (Value luxury travel)
Budget-Luxury,affordable luxury destinations for couples in [Country/Region] [Year],affordable luxury destinations for couples in Portugal 2026,Portugal,Commercial (Value luxury travel)
Budget-Luxury,affordable luxury destinations for couples in [Country/Region] [Year],affordable luxury destinations for couples in Portugal 2027,Portugal,Commercial (Value luxury travel)
Budget-Luxury,affordable luxury destinations for couples in [Country/Region] [Year],affordable luxury destinations for couples in Greece 2026,Greece,Commercial (Value luxury travel)
Budget-Luxury,affordable luxury destinations for couples in [Country/Region] [Year],affordable luxury destinations for couples in Greece 2027,Greece,Commercial (Value luxury travel)
Budget-Luxury,affordable luxury destinations for couples in [Country/Region] [Year],affordable luxury destinations for couples in Morocco 2026,Morocco,Commercial (Value luxury travel)
Budget-Luxury,affordable luxury destinations for couples in [Country/Region] [Year],affordable luxury destinations for couples in Morocco 2027,Morocco,Commercial (Value luxury travel)
Budget-Luxury,affordable luxury destinations for couples in [Country/Region] [Year],affordable luxury destinations for couples in Croatia 2026,Croatia,Commercial (Value luxury travel)
Budget-Luxury,affordable luxury destinations for couples in [Country/Region] [Year],affordable luxury destinations for couples in Croatia 2027,Croatia,Commercial (Value luxury travel)
Budget-Luxury,affordable luxury destinations for couples in [Country/Region] [Year],affordable luxury destinations for couples in Costa Rica 2026,Costa Rica,Commercial (Value luxury travel)
Budget-Luxury,affordable luxury destinations for couples in [Country/Region] [Year],affordable luxury destinations for couples in Costa Rica 2027,Costa Rica,Commercial (Value luxury travel)
Budget-Luxury,affordable luxury destinations for couples in [Country/Region] [Year],affordable luxury destinations for couples in Mexico 2026,Mexico,Commercial (Value luxury travel)
Budget-Luxury,affordable luxury destinations for couples in [Country/Region] [Year],affordable luxury destinations for couples in Mexico 2027,Mexico,Commercial (Value luxury travel)
Budget-Luxury,affordable luxury destinations for couples in [Country/Region] [Year],affordable luxury destinations for couples in Colombia 2026,Colombia,Commercial (Value luxury travel)
Budget-Luxury,affordable luxury destinations for couples in [Country/Region] [Year],affordable luxury destinations for couples in Colombia 2027,Colombia,Commercial (Value luxury travel)
Budget-Luxury,affordable luxury destinations for couples in [Country/Region] [Year],affordable luxury destinations for couples in Turkey 2026,Turkey,Commercial (Value luxury travel)
Budget-Luxury,affordable luxury destinations for couples in [Country/Region] [Year],affordable luxury destinations for couples in Turkey 2027,Turkey,Commercial (Value luxury travel)
Budget-Luxury,affordable luxury destinations for couples in [Country/Region] [Year],affordable luxury destinations for couples in Hungary 2026,Hungary,Commercial (Value luxury travel)
Budget-Luxury,affordable luxury destinations for couples in [Country/Region] [Year],affordable luxury destinations for couples in Hungary 2027,Hungary,Commercial (Value luxury travel)
Budget-Luxury,affordable luxury destinations for couples in [Country/Region] [Year],affordable luxury destinations for couples in Poland 2026,Poland,Commercial (Value luxury travel)
Budget-Luxury,affordable luxury destinations for couples in [Country/Region] [Year],affordable luxury destinations for couples in Poland 2027,Poland,Commercial (Value luxury travel)
Budget-Luxury,affordable luxury destinations for couples in [Country/Region] [Year],affordable luxury destinations for couples in Spain 2026,Spain,Commercial (Value luxury travel)
Budget-Luxury,affordable luxury destinations for couples in [Country/Region] [Year],affordable luxury destinations for couples in Spain 2027,Spain,Commercial (Value luxury travel)
Budget-Luxury,affordable luxury destinations for couples in [Country/Region] [Year],affordable luxury destinations for couples in South Africa 2026,South Africa,Commercial (Value luxury travel)
Budget-Luxury,affordable luxury destinations for couples in [Country/Region] [Year],affordable luxury destinations for couples in South Africa 2027,South Africa,Commercial (Value luxury travel)
Budget-Luxury,affordable luxury destinations for couples in [Country/Region] [Year],affordable luxury destinations for couples in Georgia 2026,Georgia,Commercial (Value luxury travel)
Budget-Luxury,affordable luxury destinations for couples in [Country/Region] [Year],affordable luxury destinations for couples in Georgia 2027,Georgia,Commercial (Value luxury travel)
Budget-Luxury,affordable luxury destinations for couples in [Country/Region] [Year],affordable luxury destinations for couples in Romania 2026,Romania,Commercial (Value luxury travel)
Budget-Luxury,affordable luxury destinations for couples in [Country/Region] [Year],affordable luxury destinations for couples in Romania 2027,Romania,Commercial (Value luxury travel)
Budget-Luxury,affordable luxury destinations for couples in [Country/Region] [Year],affordable luxury destinations for couples in Philippines 2026,Philippines,Commercial (Value luxury travel)
Budget-Luxury,affordable luxury destinations for couples in [Country/Region] [Year],affordable luxury destinations for couples in Philippines 2027,Philippines,Commercial (Value luxury travel)
Budget-Luxury,affordable luxury destinations for couples in [Country/Region] [Year],affordable luxury destinations for couples in Albania 2026,Albania,Commercial (Value luxury travel)
Budget-Luxury,affordable luxury destinations for couples in [Country/Region] [Year],affordable luxury destinations for couples in Albania 2027,Albania,Commercial (Value luxury travel)
Budget-Luxury,affordable luxury destinations for couples in [Country/Region] [Year],affordable luxury destinations for couples in Montenegro 2026,Montenegro,Commercial (Value luxury travel)
Budget-Luxury,affordable luxury destinations for couples in [Country/Region] [Year],affordable luxury destinations for couples in Montenegro 2027,Montenegro,Commercial (Value luxury travel)
Budget-Luxury,affordable luxury destinations for couples in [Country/Region] [Year],affordable luxury destinations for couples in Bulgaria 2026,Bulgaria,Commercial (Value luxury travel)
Budget-Luxury,affordable luxury destinations for couples in [Country/Region] [Year],affordable luxury destinations for couples in Bulgaria 2027,Bulgaria,Commercial (Value luxury travel)
Budget-Luxury,affordable luxury destinations for couples in [Country/Region] [Year],affordable luxury destinations for couples in Malaysia 2026,Malaysia,Commercial (Value luxury travel)
Budget-Luxury,affordable luxury destinations for couples in [Country/Region] [Year],affordable luxury destinations for couples in Malaysia 2027,Malaysia,Commercial (Value luxury travel)
Budget-Luxury,affordable luxury destinations for couples in [Country/Region] [Year],affordable luxury destinations for couples in Ecuador 2026,Ecuador,Commercial (Value luxury travel)
Budget-Luxury,affordable luxury destinations for couples in [Country/Region] [Year],affordable luxury destinations for couples in Ecuador 2027,Ecuador,Commercial (Value luxury travel)
Short Getaways,romantic weekend getaways in [Region/State],New England,New England,Transactional (Short-haul escape planning)
Short Getaways,romantic weekend getaways in [Region/State],Pacific Northwest,Pacific Northwest,Transactional (Short-haul escape planning)
Short Getaways,romantic weekend getaways in [Region/State],Napa Valley,Napa Valley,Transactional (Short-haul escape planning)
Short Getaways,romantic weekend getaways in [Region/State],Hudson Valley,Hudson Valley,Transactional (Short-haul escape planning)
Short Getaways,romantic weekend getaways in [Region/State],Texas Hill Country,Texas Hill Country,Transactional (Short-haul escape planning)
Short Getaways,romantic weekend getaways in [Region/State],Blue Ridge Mountains,Blue Ridge Mountains,Transactional (Short-haul escape planning)
Short Getaways,romantic weekend getaways in [Region/State],Outer Banks,Outer Banks,Transactional (Short-haul escape planning)
Short Getaways,romantic weekend getaways in [Region/State],Florida Keys,Florida Keys,Transactional (Short-haul escape planning)
Short Getaways,romantic weekend getaways in [Region/State],Midwest,Midwest,Transactional (Short-haul escape planning)
Short Getaways,romantic weekend getaways in [Region/State],Southern California,Southern California,Transactional (Short-haul escape planning)
Short Getaways,romantic weekend getaways in [Region/State],Great Lakes,Great Lakes,Transactional (Short-haul escape planning)
Short Getaways,romantic weekend getaways in [Region/State],Finger Lakes,Finger Lakes,Transactional (Short-haul escape planning)
Short Getaways,romantic weekend getaways in [Region/State],Catskills,Catskills,Transactional (Short-haul escape planning)
Short Getaways,romantic weekend getaways in [Region/State],Berkshire Mountains,Berkshire Mountains,Transactional (Short-haul escape planning)
Short Getaways,romantic weekend getaways in [Region/State],Cape Cod,Cape Cod,Transactional (Short-haul escape planning)
Short Getaways,romantic weekend getaways in [Region/State],Door County,Door County,Transactional (Short-haul escape planning)
Short Getaways,romantic weekend getaways in [Region/State],Willamette Valley,Willamette Valley,Transactional (Short-haul escape planning)
Short Getaways,romantic weekend getaways in [Region/State],Columbia River Gorge,Columbia River Gorge,Transactional (Short-haul escape planning)
Short Getaways,romantic weekend getaways in [Region/State],Outer Hebrides,Outer Hebrides,Transactional (Short-haul escape planning)
Short Getaways,romantic weekend getaways in [Region/State],Scottish Highlands,Scottish Highlands,Transactional (Short-haul escape planning)
Short Getaways,romantic weekend getaways in [Region/State],Cornwall,Cornwall,Transactional (Short-haul escape planning)
Short Getaways,romantic weekend getaways in [Region/State],Cotswolds,Cotswolds,Transactional (Short-haul escape planning)
Short Getaways,romantic weekend getaways in [Region/State],Lake District,Lake District,Transactional (Short-haul escape planning)
Short Getaways,romantic weekend getaways in [Region/State],Bavaria,Bavaria,Transactional (Short-haul escape planning)
Short Getaways,romantic weekend getaways in [Region/State],Provence,Provence,Transactional (Short-haul escape planning)
Short Getaways,romantic weekend getaways in [Region/State],Loire Valley,Loire Valley,Transactional (Short-haul escape planning)
Short Getaways,romantic weekend getaways in [Region/State],Alsace,Alsace,Transactional (Short-haul escape planning)
Short Getaways,romantic weekend getaways in [Region/State],Algarve,Algarve,Transactional (Short-haul escape planning)
Short Getaways,romantic weekend getaways in [Region/State],Andalusia,Andalusia,Transactional (Short-haul escape planning)
Actionable Hacks,how to book [Luxury Experience] cheap couples,how to book overwater bungalows cheap couples,overwater bungalows,Transactional / Informational (Budget hacking)
Actionable Hacks,how to book [Luxury Experience] cheap couples,how to book private pool villas cheap couples,private pool villas,Transactional / Informational (Budget hacking)
Actionable Hacks,how to book [Luxury Experience] cheap couples,how to book first class flights cheap couples,first class flights,Transactional / Informational (Budget hacking)
Actionable Hacks,how to book [Luxury Experience] cheap couples,how to book business class flights cheap couples,business class flights,Transactional / Informational (Budget hacking)
Actionable Hacks,how to book [Luxury Experience] cheap couples,how to book 5-star resorts cheap couples,5-star resorts,Transactional / Informational (Budget hacking)
Actionable Hacks,how to book [Luxury Experience] cheap couples,how to book private yacht charters cheap couples,private yacht charters,Transactional / Informational (Budget hacking)
Actionable Hacks,how to book [Luxury Experience] cheap couples,how to book helicopter tours cheap couples,helicopter tours,Transactional / Informational (Budget hacking)
Actionable Hacks,how to book [Luxury Experience] cheap couples,how to book Michelin star dining cheap couples,Michelin star dining,Transactional / Informational (Budget hacking)
Actionable Hacks,how to book [Luxury Experience] cheap couples,how to book hot air balloon rides cheap couples,hot air balloon rides,Transactional / Informational (Budget hacking)
Actionable Hacks,how to book [Luxury Experience] cheap couples,how to book private safaris cheap couples,private safaris,Transactional / Informational (Budget hacking)
Actionable Hacks,how to book [Luxury Experience] cheap couples,how to book thermal spa resorts cheap couples,thermal spa resorts,Transactional / Informational (Budget hacking)
Actionable Hacks,how to book [Luxury Experience] cheap couples,how to book castle stays cheap couples,castle stays,Transactional / Informational (Budget hacking)
Actionable Hacks,how to book [Luxury Experience] cheap couples,how to book luxury train travel cheap couples,luxury train travel,Transactional / Informational (Budget hacking)
Actionable Hacks,how to book [Luxury Experience] cheap couples,how to book private beach dinners cheap couples,private beach dinners,Transactional / Informational (Budget hacking)
Actionable Hacks,how to book [Luxury Experience] cheap couples,how to book VIP airport lounges cheap couples,VIP airport lounges,Transactional / Informational (Budget hacking)
Actionable Hacks,how to book [Luxury Experience] cheap couples,how to book private island resorts cheap couples,private island resorts,Transactional / Informational (Budget hacking)
Actionable Hacks,how to book [Luxury Experience] cheap couples,how to book penthouse suites cheap couples,penthouse suites,Transactional / Informational (Budget hacking)
Actionable Hacks,how to book [Luxury Experience] cheap couples,how to book private butler services cheap couples,private butler services,Transactional / Informational (Budget hacking)